{"cameraMode":{"drawMode":0,"name":"Shaded","section":"Shading Mode"},"sceneLighting":true,"audioPlay":false,"sceneViewState":{"m_AlwaysRefresh":false,"showFog":true,"showSkybox":true,"showFlares":true,"showImageEffects":true,"showParticleSystems":true,"showVisualEffectGraphs":true,"m_FxEnabled":true},"in2DMode":false,"pivot":{"x":0.015060991048812867,"y":-0.006592065095901489,"z":-0.005237691104412079},"rotation":{"x":-0.03871669992804527,"y":0.957345187664032,"z":-0.24191199243068696,"w":-0.15321819484233857},"size":6.0212531089782719,"orthographic":false}